Internship Name,Internship Details Page Link,Internship Organization,Internship Organization Page Link,Location Of Internship,Start Date Of Internship,Duration,Stipend,Application Deadline,Number of applicants,Number of openings
Entrepreneurship Ambassador - Summer Volunteering (Openings: 1000),https://internshala.com/internship/details/entrepreneurship-ambassador-summer-volunteering-openings-1000-work-from-home-job-internship-at-wash-for-india-foundation1622898612,Wash For India Foundation,https://internshala.com/internships/internship-at-Wash%20For%20India%20Foundation,Work From Home,Immediately,1 Month,Unpaid,19 Jun' 21,782,1000
Business Development (Sales),https://internshala.com/internship/detail/business-development-sales-work-from-home-job-internship-at-toppr1623226353,Toppr,https://internshala.com/internships/internship-at-Toppr,Work From Home,Immediately,1 Month,Unpaid,19 Jun' 21,362,10
Software Development,https://internshala.com/internship/detail/software-development-part-time-job-internship-at-bangalore-in-iim-ahmedabad1623271539,IIM Ahmedabad,https://internshala.com/internships/internship-at-IIM%20Ahmedabad,Bangalore,Immediately,1 Month,Unpaid,19 Jun' 21,171,3
Pahchan Ambassador - Summer Volunteering (Openings: 2000),https://internshala.com/internship/details/pahchan-ambassador-summer-volunteering-openings-2000-work-from-home-job-internship-at-hamari-pahchan-ngo1622643538,Hamari Pahchan NGO,https://internshala.com/internships/internship-at-Hamari%20Pahchan%20NGO,Work From Home,Immediately,1 Month,Unpaid,19 Jun' 21,904,2000
Business Development (Sales),https://internshala.com/internship/detail/business-development-sales-internship-in-chandigarh-punj-at-urban-company1623328502,Urban Company,https://internshala.com/internships/internship-at-Urban%20Company,Chandigarh,Immediately,1 Month,Unpaid,19 Jun' 21,30,1
Human Resources (HR),https://internshala.com/internship/detail/human-resources-hr-work-from-home-job-internship-at-comviva1623260497,Comviva,https://internshala.com/internships/internship-at-Comviva,Work From Home,Immediately,1 Month,Unpaid,19 Jun' 21,401,5
Graphic Design,https://internshala.com/internship/detail/graphic-design-internship-in-delhi-at-archies-lifestyle1623387168,Archies Lifestyle,https://internshala.com/internships/internship-at-Archies%20Lifestyle,Delhi,Immediately,1 Month,Unpaid,19 Jun' 21,28,2
Volunteering,https://internshala.com/internship/detail/volunteering-work-from-home-job-internship-at-teach-for-india1623157173,Teach For India,https://internshala.com/internships/internship-at-Teach%20For%20India,Work From Home,Immediately,1 Month,Unpaid,19 Jun' 21,137,5
Business Development (Sales),https://internshala.com/internship/detail/business-development-sales-internship-in-delhi-at-urbanclap1623048893,UrbanClap,https://internshala.com/internships/internship-at-UrbanClap,Delhi,Immediately,1 Month,Unpaid,19 Jun' 21,65,2
Ruby On Rails Development,https://internshala.com/internship/detail/ruby-on-rails-development-work-from-home-job-internship-at-iit-bombay1623047483,IIT Bombay,https://internshala.com/internships/internship-at-IIT%20Bombay,Work From Home,Immediately,1 Month,Unpaid,19 Jun' 21,NULL,1
Business Development (Sales),https://internshala.com/internship/detail/business-development-sales-internship-in-hyderabad-at-urban-company1622892237,Urban Company,https://internshala.com/internships/internship-at-Urban%20Company,Hyderabad,Immediately,1 Month,Unpaid,19 Jun' 21,NULL,2
Operations,https://internshala.com/internship/detail/operations-internship-in-pune-at-urbanclap1622904896,UrbanClap,https://internshala.com/internships/internship-at-UrbanClap,Pune,Immediately,1 Month,Unpaid,19 Jun' 21,212,1
UGC-NET Content Development (History & Geography),https://internshala.com/internship/detail/ugc-net-content-development-history-geography-work-from-home-job-internship-at-gradestack-learning-private-limited1622889876,GradeStack Learning Private Limited,https://internshala.com/internships/internship-at-GradeStack%20Learning%20Private%20Limited,Work From Home,Immediately,1 Month,Unpaid,19 Jun' 21,169,4
Business Development (Sales),https://internshala.com/internship/detail/business-development-sales-internship-in-delhi-mumbai-at-economic-times-edge1623052646,Economic Times Edge,https://internshala.com/internships/internship-at-Economic%20Times%20Edge,Delhi,Immediately,1 Month,Unpaid,19 Jun' 21,33,4
Operations,https://internshala.com/internship/detail/operations-internship-in-jaipur-at-zara-inditex-trent-retail-private-limited1623071997,ZARA (Inditex Trent Retail Private Limited),https://internshala.com/internships/internship-at-ZARA%20%28Inditex%20Trent%20Retail%20Private%20Limited%29,Jaipur,Immediately,1 Month,Unpaid,19 Jun' 21,56,4
Human Resources (HR),https://internshala.com/internship/detail/human-resources-hr-work-from-home-job-internship-at-zoomcar-india-private-limited1623128043,Zoomcar India Private Limited,https://internshala.com/internships/internship-at-Zoomcar%20India%20Private%20Limited,Work From Home,Immediately,1 Month,Unpaid,19 Jun' 21,445,2
UGC-NET Content Development (Economics),https://internshala.com/internship/detail/ugc-net-content-development-economics-work-from-home-job-internship-at-gradestack-learning-private-limited1622889911,GradeStack Learning Private Limited,https://internshala.com/internships/internship-at-GradeStack%20Learning%20Private%20Limited,Work From Home,Immediately,3 Months,1000-4000 /month,19 Jun' 21,71,4
Finance,https://internshala.com/internship/detail/finance-work-from-home-job-internship-at-hp1622723602,HP,https://internshala.com/internships/internship-at-HP,Work From Home,Immediately,3 Months,1000-4000 /month,19 Jun' 21,1000+,1
DevOps Administration,https://internshala.com/internship/detail/devops-administration-work-from-home-job-internship-at-pearson-india-education-services-private-limited1622637060,Pearson India Education Services Private Limited,https://internshala.com/internships/internship-at-Pearson%20India%20Education%20Services%20Private%20Limited,Work From Home,Immediately,3 Months,1000-4000 /month,19 Jun' 21,229,1
Marketing,https://internshala.com/internship/detail/marketing-internship-in-jodhpur-jaipur-at-byjus-the-learning-app1622694593,BYJU'S - The Learning App,https://internshala.com/internships/internship-at-BYJU%27S%20-%20The%20Learning%20App,Jodhpur,Immediately,3 Months,1000-4000 /month,19 Jun' 21,84,5
Marketing,https://internshala.com/internship/detail/marketing-internship-in-ongole-at-byjus-the-learning-app1622539397,BYJU'S The Learning App,https://internshala.com/internships/internship-at-BYJU%27S%20The%20Learning%20App,Ongole,Immediately,3 Months,1000-4000 /month,19 Jun' 21,NULL,3
Human Resources (HR),https://internshala.com/internship/detail/human-resources-hr-work-from-home-job-internship-at-lenskart1619705800,Lenskart,https://internshala.com/internships/internship-at-Lenskart,Work From Home,Immediately,3 Months,1000-4000 /month,19 Jun' 21,1000+,3
Graphic Design,https://internshala.com/internship/detail/graphic-design-internship-in-raipur-at-quantum-verto1623403756,Quantum Verto,https://internshala.com/internships/internship-at-Quantum%20Verto,Raipur,Immediately,3 Months,1000-4000 /month,19 Jun' 21,NULL,2
Product Management,https://internshala.com/internship/detail/product-management-work-from-home-job-internship-at-tikona-infinet-private-limited1623403693,Tikona Infinet Private Limited,https://internshala.com/internships/internship-at-Tikona%20Infinet%20Private%20Limited,Work From Home,Immediately,3 Months,1000-4000 /month,19 Jun' 21,39,2
Content Writing,https://internshala.com/internship/detail/content-writing-work-from-home-job-internship-at-opebo-industries-limited1623403758,OpeBo Industries Limited,https://internshala.com/internships/internship-at-OpeBo%20Industries%20Limited,Work From Home,Immediately,3 Months,1000-4000 /month,19 Jun' 21,33,1
Wordpress Developer,https://internshala.com/internship/detail/wordpress-developer-work-from-home-job-internship-at-prepfortech1623395761,PrepForTech,https://internshala.com/internships/internship-at-PrepForTech,Work From Home,Immediately,3 Months,1000-4000 /month,19 Jun' 21,27,1
Marketing & Sales,https://internshala.com/internship/detail/marketing-sales-work-from-home-job-internship-at-skillvertex1623389483,Skillvertex,https://internshala.com/internships/internship-at-Skillvertex,Work From Home,Immediately,3 Months,1000-4000 /month,19 Jun' 21,NULL,10
Marketing,https://internshala.com/internship/detail/marketing-internship-in-multiple-locations-at-byjus-the-learning-app1620706014,BYJU'S The Learning App,https://internshala.com/internships/internship-at-BYJU%27S%20The%20Learning%20App,Coimbatore,Immediately,3 Months,1000-4000 /month,19 Jun' 21,1000+,20
Operations,https://internshala.com/internship/detail/operations-internship-in-chennai-at-urban-company1622180187,Urban Company,https://internshala.com/internships/internship-at-Urban%20Company,Chennai,Immediately,3 Months,1000-4000 /month,19 Jun' 21,349,1
Content Writing,https://internshala.com/internship/detail/content-writing-work-from-home-job-internship-at-times-network1622623322,Times Network,https://internshala.com/internships/internship-at-Times%20Network,Work From Home,Immediately,3 Months,1000-4000 /month,19 Jun' 21,831,3
Corporate Communication,https://internshala.com/internship/detail/corporate-communication-internship-in-noida-at-times-business-solutions1622626062,Times Business Solutions,https://internshala.com/internships/internship-at-Times%20Business%20Solutions,Noida,Immediately,3 Months,1000-4000 /month,19 Jun' 21,51,5
Marketing,https://internshala.com/internship/detail/marketing-internship-in-multiple-locations-at-byjus1622613528,BYJU'S,https://internshala.com/internships/internship-at-BYJU%27S,Chandigarh,Immediately,3 Months,1000-4000 /month,19 Jun' 21,73,2
Database Building/Management,https://internshala.com/internship/detail/database-building-management-work-from-home-job-internship-at-the-publicity-dude1623403418,The Publicity Dude,https://internshala.com/internships/internship-at-The%20Publicity%20Dude,Work From Home,Immediately,3 Months,3000 /month,25 Jun' 21,NULL,2
Content Writing,https://internshala.com/internship/detail/content-writing-internship-in-meerut-noida-at-nktech1623404458,NKTech,https://internshala.com/internships/internship-at-NKTech,Meerut,Immediately,3 Months,3000 /month,25 Jun' 21,NULL,2
Graphic Design,https://internshala.com/internship/detail/graphic-design-work-from-home-job-internship-at-the-curious-bees1623397950,The Curious Bees,https://internshala.com/internships/internship-at-The%20Curious%20Bees,Work From Home,Immediately,3 Months,3000 /month,25 Jun' 21,NULL,1
Social Media Marketing,https://internshala.com/internship/detail/social-media-marketing-internship-in-delhi-at-design-of-thought1623397927,Design Of Thought,https://internshala.com/internships/internship-at-Design%20Of%20Thought,Delhi,Immediately,3 Months,3000 /month,25 Jun' 21,NULL,2
Social Media Marketing,https://internshala.com/internship/detail/social-media-marketing-work-from-home-job-internship-at-beshakorg1623389669,Beshak.org,https://internshala.com/internships/internship-at-Beshak.org,Work From Home,Immediately,3 Months,3000 /month,25 Jun' 21,28,1
Journalism,https://internshala.com/internship/detail/journalism-work-from-home-job-internship-at-mompreneur-circle1623402763,Mompreneur Circle,https://internshala.com/internships/internship-at-Mompreneur%20Circle,Work From Home,Immediately,3 Months,3000 /month,25 Jun' 21,NULL,1
Project Management,https://internshala.com/internship/detail/project-management-work-from-home-job-internship-at-skills-caf1623401798,Skills Caf√©,https://internshala.com/internships/internship-at-Skills%20Caf%C3%A9,Work From Home,Immediately,3 Months,3000 /month,25 Jun' 21,35,1
Google SEO Services & Social Media Marketing,https://internshala.com/internship/detail/google-seo-services-social-media-marketing-part-time-job-internship-at-bangalore-mumbai-in-sp-enterprises1623403834,SP Enterprises,https://internshala.com/internships/internship-at-SP%20Enterprises,Bangalore,Immediately,3 Months,3000 /month,25 Jun' 21,NULL,1
Web Development,https://internshala.com/internship/detail/web-development-internship-in-gurgaon-at-nutritap-technologies-private-limited1623395079,NutriTap Technologies Private Limited,https://internshala.com/internships/internship-at-NutriTap%20Technologies%20Private%20Limited,Gurgaon,Immediately,3 Months,3000 /month,25 Jun' 21,NULL,2
Content Writing,https://internshala.com/internship/detail/content-writing-work-from-home-job-internship-at-hysteresis-private-limited1623403557,Hysteresis Private Limited,https://internshala.com/internships/internship-at-Hysteresis%20Private%20Limited,Work From Home,Immediately,3 Months,3000 /month,25 Jun' 21,NULL,3
Human Resources (HR),https://internshala.com/internship/detail/human-resources-hr-work-from-home-job-internship-at-inventive-cafe-india-private-limited1623403901,Inventive Cafe India Private Limited,https://internshala.com/internships/internship-at-Inventive%20Cafe%20India%20Private%20Limited,Work From Home,Immediately,3 Months,3000 /month,25 Jun' 21,28,5
Social Media Marketing,https://internshala.com/internship/detail/social-media-marketing-internship-in-mumbai-at-soltant-consultants-private-limited1623403887,Soltant Consultants Private Limited,https://internshala.com/internships/internship-at-Soltant%20Consultants%20Private%20Limited,Mumbai,Immediately,3 Months,3000 /month,25 Jun' 21,NULL,2
Video Making/Editing,https://internshala.com/internship/detail/video-making-editing-work-from-home-job-internship-at-logibricks-technologies-private-limited1623397904,Logibricks Technologies Private Limited,https://internshala.com/internships/internship-at-Logibricks%20Technologies%20Private%20Limited,Work From Home,Immediately,3 Months,3000 /month,25 Jun' 21,NULL,2
Web Development,https://internshala.com/internship/detail/web-development-work-from-home-job-internship-at-bk-engineering1623325733,BK Engineering,https://internshala.com/internships/internship-at-BK%20Engineering,Work From Home,Immediately,3 Months,3000 /month,25 Jun' 21,NULL,6
Digital Marketing,https://internshala.com/internship/detail/digital-marketing-internship-in-delhi-at-sun-sea-international1623403393,Sun Sea International,https://internshala.com/internships/internship-at-Sun%20Sea%20International,Delhi,Immediately,6 Months,5000 /month,25 Jun' 21,NULL,1
Web Development,https://internshala.com/internship/detail/web-development-work-from-home-job-internship-at-nilesh-it-solution1623402613,Nilesh IT Solution,https://internshala.com/internships/internship-at-Nilesh%20IT%20Solution,Work From Home,Immediately,6 Months,5000 /month,25 Jun' 21,71,8
Social Media Marketing,https://internshala.com/internship/detail/social-media-marketing-work-from-home-job-internship-at-vinayak-traders1623401327,Vinayak Traders,https://internshala.com/internships/internship-at-Vinayak%20Traders,Work From Home,Immediately,6 Months,5000 /month,25 Jun' 21,NULL,10
Social Media Marketing,https://internshala.com/internship/detail/social-media-marketing-work-from-home-job-internship-at-mompreneur-circle1623402904,Mompreneur Circle,https://internshala.com/internships/internship-at-Mompreneur%20Circle,Work From Home,Immediately,6 Months,5000 /month,25 Jun' 21,NULL,1
Web Development,https://internshala.com/internship/detail/web-development-internship-in-gurgaon-at-sleeping-owls-business-private-limited1623401221,Sleeping Owls Business Private Limited,https://internshala.com/internships/internship-at-Sleeping%20Owls%20Business%20Private%20Limited,Gurgaon,Immediately,6 Months,5000 /month,25 Jun' 21,NULL,2
Web Development,https://internshala.com/internship/detail/web-development-work-from-home-job-internship-at-people-for-active-democracy1623391234,People For Active Democracy,https://internshala.com/internships/internship-at-People%20For%20Active%20Democracy,Work From Home,Immediately,6 Months,5000 /month,25 Jun' 21,28,1
Business Development (Sales),https://internshala.com/internship/detail/business-development-sales-part-time-job-internship-at-bangalore-in-cbs-innovations1623396337,CBS Innovations,https://internshala.com/internships/internship-at-CBS%20Innovations,Bangalore,Immediately,6 Months,5000 /month,25 Jun' 21,NULL,10
Content Writing,https://internshala.com/internship/detail/content-writing-work-from-home-job-internship-at-hyggelit-private-limited1623402043,Hyggelit Private Limited,https://internshala.com/internships/internship-at-Hyggelit%20Private%20Limited,Work From Home,Immediately,6 Months,5000 /month,25 Jun' 21,NULL,1
Graphic Design,https://internshala.com/internship/detail/graphic-design-work-from-home-job-internship-at-prime-venture-partners1623389376,Prime Venture Partners,https://internshala.com/internships/internship-at-Prime%20Venture%20Partners,Work From Home,Immediately,6 Months,5000 /month,25 Jun' 21,44,2
Digital Marketing (Design And Planning),https://internshala.com/internship/detail/digital-marketing-design-and-planning-work-from-home-job-internship-at-pm-entertainment-media-group-private-limited1623396700,PM Entertainment & Media Group Private Limited,https://internshala.com/internships/internship-at-PM%20Entertainment%20%26%20Media%20Group%20Private%20Limited,Work From Home,Immediately,6 Months,5000 /month,25 Jun' 21,NULL,1
Content Writing,https://internshala.com/internship/detail/content-writing-work-from-home-job-internship-at-hariyali1623402354,Hariyali,https://internshala.com/internships/internship-at-Hariyali,Work From Home,Immediately,6 Months,5000 /month,25 Jun' 21,31,50
Business Development (Sales),https://internshala.com/internship/detail/business-development-sales-internship-in-delhi-at-yash-compostables-limited1623402752,Yash Compostables Limited,https://internshala.com/internships/internship-at-Yash%20Compostables%20Limited,Delhi,Immediately,6 Months,5000 /month,25 Jun' 21,NULL,1
Copywriting and Content Writing,https://internshala.com/internship/detail/copywriting-and-content-writing-internship-in-bangalore-at-delta-capital-service1623400724,Delta Capital Service,https://internshala.com/internships/internship-at-Delta%20Capital%20Service,Bangalore,Immediately,6 Months,5000 /month,25 Jun' 21,NULL,3
Firebase Backend Development,https://internshala.com/internship/detail/firebase-backend-development-work-from-home-job-internship-at-skrapnest1623401303,SkrapNest,https://internshala.com/internships/internship-at-SkrapNest,Work From Home,Immediately,6 Months,5000 /month,25 Jun' 21,NULL,2
Media & Public Relations (PR),https://internshala.com/internship/detail/media-public-relations-pr-work-from-home-job-internship-at-mompreneur-circle1623402827,Mompreneur Circle,https://internshala.com/internships/internship-at-Mompreneur%20Circle,Work From Home,Immediately,6 Months,5000 /month,25 Jun' 21,NULL,1
Operations,https://internshala.com/internship/detail/operations-work-from-home-job-internship-at-pracbee-educations-private-limited1623396351,PracBee Educations Private Limited,https://internshala.com/internships/internship-at-PracBee%20Educations%20Private%20Limited,Work From Home,Immediately,6 Months,12000 /month,25 Jun' 21,NULL,1
Operations,https://internshala.com/internship/detail/operations-part-time-job-internship-at-delhi-in-car-central-malviya-car-bazar1623388539,Car Central (Malviya Car Bazar),https://internshala.com/internships/internship-at-Car%20Central%20%28Malviya%20Car%20Bazar%29,Delhi,Immediately,6 Months,12000 /month,25 Jun' 21,NULL,6
Content Writing,https://internshala.com/internship/detail/content-writing-work-from-home-job-internship-at-oyerohit1623399432,OyeRohit,https://internshala.com/internships/internship-at-OyeRohit,Work From Home,Immediately,6 Months,12000 /month,25 Jun' 21,39,1
Video Making/Editing,https://internshala.com/internship/detail/video-making-editing-work-from-home-job-internship-at-venuemonk1623399423,VenueMonk,https://internshala.com/internships/internship-at-VenueMonk,Work From Home,Immediately,6 Months,12000 /month,25 Jun' 21,NULL,2
Marketing,https://internshala.com/internship/detail/marketing-work-from-home-job-internship-at-starwords-india1623392037,StarWords India,https://internshala.com/internships/internship-at-StarWords%20India,Work From Home,Immediately,6 Months,12000 /month,25 Jun' 21,NULL,10
Video Making/Editing,https://internshala.com/internship/detail/video-making-editing-work-from-home-job-internship-at-portia-global1623400658,Portia Global,https://internshala.com/internships/internship-at-Portia%20Global,Work From Home,Immediately,6 Months,12000 /month,25 Jun' 21,NULL,2
Content Writing,https://internshala.com/internship/detail/content-writing-work-from-home-job-internship-at-techmate-incorporation1622427057,Techmate Incorporation,https://internshala.com/internships/internship-at-Techmate%20Incorporation,Work From Home,Immediately,6 Months,12000 /month,25 Jun' 21,43,2
Marketing,https://internshala.com/internship/detail/marketing-internship-in-mumbai-at-kraft-education1623400494,Kraft Education,https://internshala.com/internships/internship-at-Kraft%20Education,Mumbai,Immediately,6 Months,12000 /month,25 Jun' 21,NULL,5
Graphic Design,https://internshala.com/internship/detail/graphic-design-work-from-home-job-internship-at-bettr-branding-marketing-llp1623352036,Bettr Branding & Marketing LLP,https://internshala.com/internships/internship-at-Bettr%20Branding%20%26%20Marketing%20LLP,Work From Home,Immediately,6 Months,12000 /month,25 Jun' 21,NULL,1
Business Development (Sales),https://internshala.com/internship/detail/business-development-sales-internship-in-navi-mumbai-at-akshar-group1623400423,Akshar Group,https://internshala.com/internships/internship-at-Akshar%20Group,Navi Mumbai,Immediately,6 Months,12000 /month,25 Jun' 21,NULL,10
Marketing,https://internshala.com/internship/detail/marketing-internship-in-navi-mumbai-at-akshar-group1623400462,Akshar Group,https://internshala.com/internships/internship-at-Akshar%20Group,Navi Mumbai,Immediately,6 Months,12000 /month,25 Jun' 21,NULL,20
Graphic Design,https://internshala.com/internship/detail/graphic-design-work-from-home-job-internship-at-portia-global1623400571,Portia Global,https://internshala.com/internships/internship-at-Portia%20Global,Work From Home,Immediately,6 Months,12000 /month,25 Jun' 21,NULL,1
Business Development (Sales),https://internshala.com/internship/detail/business-development-sales-work-from-home-job-internship-at-jankalyan-multipurpose-education-socitey1623400706,Jankalyan Multipurpose Education Socitey,https://internshala.com/internships/internship-at-Jankalyan%20Multipurpose%20Education%20Socitey,Work From Home,Immediately,6 Months,12000 /month,25 Jun' 21,NULL,10
Business Development (Sales),https://internshala.com/internship/detail/business-development-sales-work-from-home-job-internship-at-staqu-technologies-private-limited1623389168,Staqu Technologies Private Limited,https://internshala.com/internships/internship-at-Staqu%20Technologies%20Private%20Limited,Work From Home,Immediately,6 Months,12000 /month,25 Jun' 21,NULL,3
Node.js Development,https://internshala.com/internship/detail/nodejs-development-work-from-home-job-internship-at-quadb1623401147,QuadB,https://internshala.com/internships/internship-at-QuadB,Work From Home,Immediately,6 Months,12000 /month,25 Jun' 21,NULL,4
React Native Developer,https://internshala.com/internship/detail/react-native-developer-work-from-home-job-internship-at-quadb1623401131,QuadB,https://internshala.com/internships/internship-at-QuadB,Work From Home,Immediately,6 Months,12000 /month,25 Jun' 21,NULL,4
Content & E-Commerce Management,https://internshala.com/internship/detail/content-e-commerce-management-internship-in-delhi-noida-at-mpk-i-gate-private-limited1623392742,MPK I - GATE PRIVATE LIMITED,https://internshala.com/internships/internship-at-MPK%20I%20-%20GATE%20PRIVATE%20LIMITED,Delhi,Immediately,4 Months,4000-8000 /month,25 Jun' 21,NULL,1
Quality Assurance Engineering,https://internshala.com/internship/detail/quality-assurance-engineering-work-from-home-job-internship-at-rite-infotech-private-limited1623392962,Rite Infotech Private Limited,https://internshala.com/internships/internship-at-Rite%20Infotech%20Private%20Limited,Work From Home,Immediately,4 Months,4000-8000 /month,25 Jun' 21,NULL,5
Business Development (Sales),https://internshala.com/internship/detail/business-development-sales-internship-in-delhi-at-the-design-cart1623330730,The Design Cart,https://internshala.com/internships/internship-at-The%20Design%20Cart,Delhi,Immediately,4 Months,4000-8000 /month,25 Jun' 21,NULL,2
Video Making/Editing (YouTube),https://internshala.com/internship/detail/video-making-editing-youtube-work-from-home-job-internship-at-stirring-minds1623391791,Stirring Minds,https://internshala.com/internships/internship-at-Stirring%20Minds,Work From Home,Immediately,4 Months,4000-8000 /month,25 Jun' 21,26,5
Content Writing,https://internshala.com/internship/detail/content-writing-part-time-job-internship-at-mangalore-in-the-web-people1623340514,The Web People,https://internshala.com/internships/internship-at-The%20Web%20People,Mangalore,Immediately,4 Months,4000-8000 /month,25 Jun' 21,NULL,2
UX/UI Design,https://internshala.com/internship/detail/ux-ui-design-work-from-home-job-internship-at-be-dauntless-foundation1623331638,Be Dauntless Foundation,https://internshala.com/internships/internship-at-Be%20Dauntless%20Foundation,Work From Home,Immediately,4 Months,4000-8000 /month,25 Jun' 21,NULL,2
YouTube Channel Management,https://internshala.com/internship/detail/youtube-channel-management-work-from-home-job-internship-at-collegekhabri1623399222,CollegeKhabri,https://internshala.com/internships/internship-at-CollegeKhabri,Work From Home,Immediately,4 Months,4000-8000 /month,25 Jun' 21,NULL,4
Marketing,https://internshala.com/internship/detail/marketing-work-from-home-job-internship-at-anavara1623351127,Anavara,https://internshala.com/internships/internship-at-Anavara,Work From Home,Immediately,4 Months,4000-8000 /month,25 Jun' 21,NULL,2
Lead Generation,https://internshala.com/internship/detail/lead-generation-work-from-home-job-internship-at-oxen-farm-solutions-private-limited1623332284,Oxen Farm Solutions Private Limited,https://internshala.com/internships/internship-at-Oxen%20Farm%20Solutions%20Private%20Limited,Work From Home,Immediately,4 Months,4000-8000 /month,25 Jun' 21,NULL,1
Business Development (Sales),https://internshala.com/internship/detail/business-development-sales-work-from-home-job-internship-at-paws-trend-opc-private-limited1623399048,Paws Trend OPC Private Limited,https://internshala.com/internships/internship-at-Paws%20Trend%20OPC%20Private%20Limited,Work From Home,Immediately,6 Months,2500 /month,25 Jun' 21,NULL,2
Content Writing,https://internshala.com/internship/detail/content-writing-work-from-home-job-internship-at-securitnews1623385610,SecuritNEWS,https://internshala.com/internships/internship-at-SecuritNEWS,Work From Home,Immediately,6 Months,2500 /month,25 Jun' 21,28,2
Digital Marketing,https://internshala.com/internship/detail/digital-marketing-internship-in-nagpur-at-marcreators-inc1623385173,Marcreators  INC,https://internshala.com/internships/internship-at-Marcreators%20%20INC,Nagpur,Immediately,6 Months,2500 /month,25 Jun' 21,NULL,1
Operations,https://internshala.com/internship/detail/operations-internship-in-multiple-locations-at-goetra1623398343,GoETra,https://internshala.com/internships/internship-at-GoETra,Delhi,Immediately,6 Months,2500 /month,25 Jun' 21,NULL,2
Content Writing,https://internshala.com/internship/detail/content-writing-work-from-home-job-internship-at-gobookmart1623398220,GoBookMart,https://internshala.com/internships/internship-at-GoBookMart,Work From Home,Immediately,6 Months,2500 /month,25 Jun' 21,65,1
Digital Marketing,https://internshala.com/internship/detail/digital-marketing-work-from-home-job-internship-at-vakul-foods1623350814,Vakul Foods,https://internshala.com/internships/internship-at-Vakul%20Foods,Work From Home,Immediately,6 Months,2500 /month,25 Jun' 21,NULL,6
Business Development (Sales),https://internshala.com/internship/detail/business-development-sales-work-from-home-job-internship-at-tebixa-technologies1623350515,Tebixa Technologies,https://internshala.com/internships/internship-at-Tebixa%20Technologies,Work From Home,Immediately,6 Months,2500 /month,25 Jun' 21,NULL,20
Law/Legal,https://internshala.com/internship/detail/law-legal-internship-in-gurgaon-at-kks-capital-advisors-private-limited1623398063,KKS Capital Advisors Private Limited,https://internshala.com/internships/internship-at-KKS%20Capital%20Advisors%20Private%20Limited,Gurgaon,Immediately,6 Months,2500 /month,25 Jun' 21,NULL,1
Digital Marketing,https://internshala.com/internship/detail/digital-marketing-work-from-home-job-internship-at-aweteck-services1623393243,Aweteck Services,https://internshala.com/internships/internship-at-Aweteck%20Services,Work From Home,Immediately,6 Months,2500 /month,25 Jun' 21,37,2
Web Development,https://internshala.com/internship/detail/web-development-work-from-home-job-internship-at-gold-namkeen1623393112,Gold Namkeen,https://internshala.com/internships/internship-at-Gold%20Namkeen,Work From Home,Immediately,6 Months,2500 /month,25 Jun' 21,32,1
Web Development,https://internshala.com/internship/detail/web-development-work-from-home-job-internship-at-livasys-it-solutions1623398713,Livasys IT Solutions,https://internshala.com/internships/internship-at-Livasys%20IT%20Solutions,Work From Home,Immediately,6 Months,2500 /month,25 Jun' 21,NULL,10
Web Development,https://internshala.com/internship/detail/web-development-internship-in-noida-at-rise-inspire-techlabs-llp-docscloud1623390116,Rise & Inspire Techlabs LLP (DocsCloud),https://internshala.com/internships/internship-at-Rise%20%26%20Inspire%20Techlabs%20LLP%20%28DocsCloud%29,Noida,Immediately,6 Months,2500 /month,25 Jun' 21,NULL,2
Business Development (Sales),https://internshala.com/internship/detail/business-development-sales-work-from-home-job-internship-at-make-my-cake1623385390,Make My Cake,https://internshala.com/internships/internship-at-Make%20My%20Cake,Work From Home,Immediately,6 Months,2500 /month,25 Jun' 21,NULL,1
Graphic Design,https://internshala.com/internship/detail/graphic-design-internship-in-gurgaon-at-the-house-of-khadi-essentials1623398907,The House Of Khadi Essentials,https://internshala.com/internships/internship-at-The%20House%20Of%20Khadi%20Essentials,Gurgaon,Immediately,6 Months,2500 /month,25 Jun' 21,NULL,2
